{
	"#": "https://github.com/orgs/luanti-org/teams/engine/members",
	"core_developers": [
		"Perttu Ahola (celeron55) <celeron55@gmail.com> [Project founder]",
		"sfan5 <sfan5@live.de>",
		"ShadowNinja <shadowninja@minetest.net>",
		"Nathanaëlle Courant (Nore/Ekdohibs) <nore@mesecons.net>",
		"Loic Blot (nerzhul/nrz) <loic.blot@unix-experience.fr>",
		"Andrew Ward (rubenwardy) <rw@rubenwardy.com>",
		"Krock/SmallJoker <mk939@ymail.com>",
		"Lars Hofhansl <larsh@apache.org>",
		"v-rob <robinsonvincent89@gmail.com>",
		"Desour/DS",
		"srifqi",
		"Gregor Parzefall (grorp)",
		"Lars Müller (luatic)",
		"cx384",
		"sfence",
		"y5nw"
	],
	"previous_core_developers": [
		"BlockMen",
		"Maciej Kasatkin (RealBadAngel) [RIP]",
		"Lisa Milne (darkrose) <lisa@ltmnet.com>",
		"proller",
		"Ilya Zhuravlev (xyz) <xyz@minetest.net>",
		"PilzAdam <pilzadam@minetest.net>",
		"est31 <MTest31@outlook.com>",
		"kahrl <kahrl@gmx.net>",
		"Ryan Kwolek (kwolekr) <kwolekr@minetest.net>",
		"sapier",
		"Zeno",
		"Auke Kok (sofar) <sofar@foo-projects.org>",
		"Aaron Suen <warr1024@gmail.com>",
		"paramat",
		"Pierre-Yves Rollo <dev@pyrollo.com>",
		"hecks",
		"Jude Melton-Houghton (TurkeyMcMac) [RIP]",
		"Hugues Ross <hugues.ross@gmail.com>",
		"Dmitry Kostenko (x2048) <codeforsmile@gmail.com>"
	],
	"#": "Currently only https://github.com/orgs/luanti-org/teams/triagers/members",
	"core_team": [
		"Zughy [Issue triager]",
		"wsor [Issue triager]",
		"Hugo Locurcio (Calinou) [Issue triager]"
	],
	"#": "For updating active/previous contributors, see the script in ./util/gather_git_credits.py",
	"contributors": [
		"Erich Schubert",
		"Lucas OH",
		"Xeno333",
		"Miguel P.L",
		"siliconsniffer",
		"JosiahWI"
	],
	"previous_contributors": [
		"Ælla Chiana Moskopp (erle) <erle@dieweltistgarnichtso.net> [Logo]",
		"numzero",
		"red-001 <red-001@outlook.ie>",
		"Giuseppe Bilotta",
		"HybridDog",
		"ClobberXD",
		"Dániel Juhász (juhdanad) <juhdanad@gmail.com>",
		"MirceaKitsune <mirceakitsune@gmail.com>",
		"Jean-Patrick Guerrero (kilbith)",
		"MoNTE48",
		"Constantin Wenger (SpeedProg)",
		"Ciaran Gultnieks (CiaranG)",
		"ROllerozxa",
		"Paul Ouellette (pauloue)",
		"stujones11",
		"Rogier <rogier777@gmail.com>",
		"Gregory Currie (gregorycu)",
		"paradust7",
		"JacobF",
		"Jeija <jeija@mesecons.net>"
	]
}
